Security,Symbol,SEC filings,GICS Sector,GICS Sub Industry,Headquarters Location,Date first added,CIK,Founded
3M Company,MMM,reports,Industrials,Industrial Conglomerates,"St. Paul, Minnesota","",66740,1902
Abbott Laboratories,ABT,reports,Health Care,Health Care Equipment,"North Chicago, Illinois",1964-03-31,1800,1888
AbbVie Inc.,ABBV,reports,Health Care,Pharmaceuticals,"North Chicago, Illinois",2012-12-31,1551152,2013 (1888)
ABIOMED Inc,ABMD,reports,Health Care,Health Care Equipment,"Danvers, Massachusetts",2018-05-31,815094,1981
Accenture plc,ACN,reports,Information Technology,IT Consulting & Other Services,"Dublin, Ireland",2011-07-06,1467373,1989
Activision Blizzard,ATVI,reports,Communication Services,Interactive Home Entertainment,"Santa Monica, California",2015-08-31,718877,2008
Adobe Systems Inc,ADBE,reports,Information Technology,Application Software,"San Jose, California",1997-05-05,796343,1982
Advanced Micro Devices Inc,AMD,reports,Information Technology,Semiconductors,"Sunnyvale, California",2017-03-20,2488,1969
Advance Auto Parts,AAP,reports,Consumer Discretionary,Automotive Retail,"Roanoke, Virginia",2015-07-09,1158449,1932
AES Corp,AES,reports,Utilities,Independent Power Producers & Energy Traders,"Arlington, Virginia",1998-10-02,874761,1981
Affiliated Managers Group Inc,AMG,reports,Financials,Asset Management & Custody Banks,"Beverly, Massachusetts",2014-07-01,1004434,1993
AFLAC Inc,AFL,reports,Financials,Life & Health Insurance,"Columbus, Georgia",1999-05-28,4977,1955
Agilent Technologies Inc,A,reports,Health Care,Health Care Equipment,"Santa Clara, California",2000-06-05,1090872,1999
Air Products & Chemicals Inc,APD,reports,Materials,Industrial Gases,"Allentown, Pennsylvania",1985-04-30,2969,1940
Akamai Technologies Inc,AKAM,reports,Information Technology,Internet Services & Infrastructure,"Cambridge, Massachusetts",2007-07-12,1086222,1998
Alaska Air Group Inc,ALK,reports,Industrials,Airlines,"Seattle, Washington",2016-05-13,766421,1985
Albemarle Corp,ALB,reports,Materials,Specialty Chemicals,"Baton Rouge, Louisiana",2016-07-01,915913,1994
Alexandria Real Estate Equities,ARE,reports,Real Estate,Office REITs,"Pasadena, California",2017-03-20,1035443,1994
Alexion Pharmaceuticals,ALXN,reports,Health Care,Biotechnology,"Cheshire, Connecticut",2012-05-25,899866,1992
Align Technology,ALGN,reports,Health Care,Health Care Supplies,"San Jose, California",2017-06-19,1097149,1997
Allegion,ALLE,reports,Industrials,Building Products,"Dublin, Ireland",2013-12-02,1579241,1908
"Allergan, Plc",AGN,reports,Health Care,Pharmaceuticals,"Dublin, Ireland",1999-04-12,1578845,1983
Alliance Data Systems,ADS,reports,Information Technology,Data Processing & Outsourced Services,"Plano, Texas",2013-12-23,1101215,1996
Alliant Energy Corp,LNT,reports,Utilities,Electric Utilities,"Madison, Wisconsin",2016-07-01,352541,1917
Allstate Corp,ALL,reports,Financials,Property & Casualty Insurance,"Northfield Township, Illinois",1995-07-13,899051,1931
Alphabet Inc Class A,GOOGL,reports,Communication Services,Interactive Media & Services,"Mountain View, California",2014-04-03,1652044,1998
Alphabet Inc Class C,GOOG,reports,Communication Services,Interactive Media & Services,"Mountain View, California",2006-04-03,1652044,1998
Altria Group Inc,MO,reports,Consumer Staples,Tobacco,"Richmond, Virginia","",764180,1985
Amazon.com Inc.,AMZN,reports,Consumer Discretionary,Internet & Direct Marketing Retail,"Seattle, Washington",2005-11-18,1018724,1994
Ameren Corp,AEE,reports,Utilities,Multi-Utilities,"St. Louis, Missouri",1991-09-19,1002910,1902
American Airlines Group,AAL,reports,Industrials,Airlines,"Fort Worth, Texas",2015-03-23,6201,1934
American Electric Power,AEP,reports,Utilities,Electric Utilities,"Columbus, Ohio","",4904,1906
American Express Co,AXP,reports,Financials,Consumer Finance,"New York, New York",1976-06-30,4962,1850
American International Group,AIG,reports,Financials,Property & Casualty Insurance,"New York, New York",1980-03-31,5272,1919
American Tower Corp.,AMT,reports,Real Estate,Specialized REITs,"Boston, Massachusetts",2007-11-19,1053507,1995
American Water Works Company Inc,AWK,reports,Utilities,Water Utilities,"Voorhees, New Jersey",2016-03-04,1410636,1886
Ameriprise Financial,AMP,reports,Financials,Asset Management & Custody Banks,"Minneapolis, Minnesota",2005-10-03,820027,1894
AmerisourceBergen Corp,ABC,reports,Health Care,Health Care Distributors,"Chesterbrook, Pennsylvania",2001-08-30,1140859,1985
AMETEK Inc.,AME,reports,Industrials,Electrical Components & Equipment,"Berwyn, Pennsylvania",2013-09-23,1037868,1930
Amgen Inc.,AMGN,reports,Health Care,Biotechnology,"Thousand Oaks, California",1992-01-02,318154,1980
Amphenol Corp,APH,reports,Information Technology,Electronic Components,"Wallingford, Connecticut",2008-09-30,820313,1932
Anadarko Petroleum Corp,APC,reports,Energy,Oil & Gas Exploration & Production,"The Woodlands, Texas",1997-07-28,773910,1959
"Analog Devices, Inc.",ADI,reports,Information Technology,Semiconductors,"Norwood, Massachusetts",1999-10-12,6281,1965
ANSYS,ANSS,reports,Information Technology,Application Software,"Canonsburg, Pennsylvania",2017-06-19,1013462,1969
Anthem Inc.,ANTM,reports,Health Care,Managed Health Care,"Indianapolis, Indiana",2002-07-25,1156039,2014 (1940s)
Aon plc,AON,reports,Financials,Insurance Brokers,"London, United Kingdom",1996-04-23,315293,1982 (1919)
A.O. Smith Corp,AOS,reports,Industrials,Building Products,"Milwaukee, Wisconsin",2017-07-26,91142,1916
Apache Corporation,APA,reports,Energy,Oil & Gas Exploration & Production,"Houston, Texas",1997-07-28,6769,1954
Apartment Investment & Management,AIV,reports,Real Estate,Residential REITs,"Denver, Colorado",2003-03-14,922864,1994 (1975)
Apple Inc.,AAPL,reports,Information Technology,"Technology Hardware, Storage & Peripherals","Cupertino, California",1982-11-30,320193,1977
Applied Materials Inc.,AMAT,reports,Information Technology,Semiconductor Equipment,"Santa Clara, California",1995-03-16,6951,1967
Aptiv Plc,APTV,reports,Consumer Discretionary,Auto Parts & Equipment,"Gillingham, Kent, United Kingdom",2012-12-24,1521332,1994
Archer-Daniels-Midland Co,ADM,reports,Consumer Staples,Agricultural Products,"Decatur, Illinois",1981-07-29,7084,1902
Arconic Inc.,ARNC,reports,Industrials,Aerospace & Defense,"New York, New York",1964-03-31,4281,2016
Arista Networks,ANET,reports,Information Technology,Communications Equipment,"Santa Clara, California",2018-08-28,1596532,2004
Arthur J. Gallagher & Co.,AJG,reports,Financials,Insurance Brokers,"Itasca, Illinois",2016-05-31,354190,""
Assurant,AIZ,reports,Financials,Multi-line Insurance,"New York, New York",2007-04-10,1267238,""
Atmos Energy Corp,ATO,reports,Utilities,Gas Utilities,"Dallas, Texas",2019-02-15,731802,1906
AT&T Inc.,T,reports,Communication Services,Integrated Telecommunication Services,"Dallas, Texas",1983-11-30,732717,1983
Autodesk Inc.,ADSK,reports,Information Technology,Application Software,"San Rafael, California",1989-12-01,769397,""
Automatic Data Processing,ADP,reports,Information Technology,Internet Software & Services,"Roseland, New Jersey",1981-03-31,8670,""
AutoZone Inc,AZO,reports,Consumer Discretionary,Specialty Stores,"Memphis, Tennessee",1997-01-02,866787,""
"AvalonBay Communities, Inc.",AVB,reports,Real Estate,Residential REITs,"Arlington, Virginia[3]",2007-01-10,915912,""
Avery Dennison Corp,AVY,reports,Materials,Paper Packaging,"Glendale, California",1987-12-31,8818,""
"Baker Hughes, a GE Company",BHGE,reports,Energy,Oil & Gas Equipment & Services,"Houston, Texas","",1701605,2017
Ball Corp,BLL,reports,Materials,Metal & Glass Containers,"Broomfield, Colorado",1984-10-31,9389,""
Bank of America Corp,BAC,reports,Financials,Diversified Banks,"Charlotte, North Carolina",1976-06-30,70858,""
The Bank of New York Mellon Corp.,BK,reports,Financials,Asset Management & Custody Banks,"New York, New York",1995-03-31,1390777,""
Baxter International Inc.,BAX,reports,Health Care,Health Care Equipment,"Deerfield, Illinois",1972-09-30,10456,1931
BB&T Corporation,BBT,reports,Financials,Regional Banks,"Winston-Salem, North Carolina",1997-12-04,92230,""
Becton Dickinson,BDX,reports,Health Care,Health Care Equipment,"Franklin Lakes, New Jersey",1972-09-30,10795,1897
Berkshire Hathaway,BRK.B,reports,Financials,Multi-Sector Holdings,"Omaha, Nebraska",2010-02-16,1067983,""
Best Buy Co. Inc.,BBY,reports,Consumer Discretionary,Computer & Electronics Retail,"Richfield, Minnesota",1999-06-29,764478,""
Biogen Inc.,BIIB,reports,Health Care,Biotechnology,"Weston, Massachusetts",2003-11-13,875045,""
BlackRock,BLK,reports,Financials,Asset Management & Custody Banks,"New York, New York",2011-04-04,1364742,""
Block H&R,HRB,reports,Consumer Discretionary,Specialized Consumer Services,"Kansas City, Missouri",1986-11-30,12659,""
Boeing Company,BA,reports,Industrials,Aerospace & Defense,"Chicago, Illinois","",12927,1916
Booking Holdings Inc,BKNG,reports,Consumer Discretionary,Internet & Direct Marketing Retail,"Norwalk, Connecticut",2009-11-06,1075531,""
BorgWarner,BWA,reports,Consumer Discretionary,Auto Parts & Equipment,"Auburn Hills, Michigan",2011-12-19,908255,""
Boston Properties,BXP,reports,Real Estate,Office REITs,"Boston, Massachusetts",2006-04-03,1037540,""
Boston Scientific,BSX,reports,Health Care,Health Care Equipment,"Marlborough, Massachusetts[4]",1995-02-24,885725,""
Brighthouse Financial Inc,BHF,reports,Financials,Life & Health Insurance,"Charlotte, North Carolina",2017-08-08,1685040,""
Bristol-Myers Squibb,BMY,reports,Health Care,Health Care Distributors,"New York, New York","",14272,1989
Broadcom,AVGO,reports,Information Technology,Semiconductors,"San Jose, California",2014-05-08,1441634,""
Broadridge Financial Solutions,BR,reports,Information Technology,Data Processing & Outsourced Services,"Lake Success, New York",2018-06-18,1383312,1962
Brown-Forman Corp.,BF.B,reports,Consumer Staples,Distillers & Vintners,"Louisville, Kentucky",1982-10-31,14693,""
C. H. Robinson Worldwide,CHRW,reports,Industrials,Air Freight & Logistics,"Eden Prairie, Minnesota",2007-03-02,1043277,""
Cabot Oil & Gas,COG,reports,Energy,Oil & Gas Exploration & Production,"Houston, Texas",2008-06-23,858470,""
Cadence Design Systems,CDNS,reports,Information Technology,Application Software,"San Jose, California",2017-09-18,813672,""
Campbell Soup,CPB,reports,Consumer Staples,Packaged Foods & Meats,"Camden, New Jersey","",16732,1869
Capital One Financial,COF,reports,Financials,Consumer Finance,"Tysons Corner, Virginia",1998-07-01,927628,1935
Capri Holdings,CPRI,reports,Consumer Discretionary,"Apparel, Accessories & Luxury Goods","New York, New York",2013-11-13,1530721,""
Cardinal Health Inc.,CAH,reports,Health Care,Health Care Distributors,"Dublin, Ohio",1997-05-27,721371,""
Carmax Inc,KMX,reports,Consumer Discretionary,Specialty Stores,"Richmond, Virginia",2010-06-28,1170010,""
Carnival Corp.,CCL,reports,Consumer Discretionary,"Hotels, Resorts & Cruise Lines","Miami, Florida",1998-12-22,815097,""
Caterpillar Inc.,CAT,reports,Industrials,Construction Machinery & Heavy Trucks,"Peoria, Illinois","",18230,1925
Cboe Global Markets,CBOE,reports,Financials,Financial Exchanges & Data,"Chicago, Illinois",2017-03-01,1374310,""
CBRE Group,CBRE,reports,Real Estate,Real Estate Services,"Los Angeles, California",2006-11-10,1138118,""
CBS Corp.,CBS,reports,Communication Services,Broadcasting,"New York, New York",1994-09-01,813828,2006
Celanese Corp.,CE,reports,Materials,Specialty Chemicals,"Irving, Texas",2018-12-24,1306830,""
Celgene Corp.,CELG,reports,Health Care,Biotechnology,"Summit, New Jersey",2006-11-06,816284,""
Centene Corporation,CNC,reports,Health Care,Managed Health Care,"St Louis, Missouri",2016-03-30,1071739,""
CenterPoint Energy,CNP,reports,Utilities,Multi-Utilities,"Houston, Texas",1985-07-31,1130310,""
CenturyLink Inc,CTL,reports,Communication Services,Integrated Telecommunication Services,"Monroe, Louisiana",1999-03-25,18926,""
Cerner,CERN,reports,Health Care,Health Care Technology,"North Kansas City, Missouri",2010-04-30,804753,""
CF Industries Holdings Inc,CF,reports,Materials,Fertilizers & Agricultural Chemicals,"Deerfield, Illinois",2008-08-27,1324404,""
Charles Schwab Corporation,SCHW,reports,Financials,Investment Banking & Brokerage,"San Francisco, California",1997-06-02,316709,""
Charter Communications,CHTR,reports,Communication Services,Cable & Satellite,"Stamford, Connecticut",2016-09-08,1091667,""
Chevron Corp.,CVX,reports,Energy,Integrated Oil & Gas,"San Ramon, California","",93410,1879
Chipotle Mexican Grill,CMG,reports,Consumer Discretionary,Restaurants,"Denver, Colorado",2011-04-28,1058090,""
Chubb Limited,CB,reports,Financials,Property & Casualty Insurance,"Zurich, Switzerland",2010-07-15,896159,""
Church & Dwight,CHD,reports,Consumer Staples,Household Products,"Ewing, New Jersey",2015-12-29,313927,""
CIGNA Corp.,CI,reports,Health Care,Managed Health Care,"Bloomfield, Connecticut",1976-06-30,701221,""
Cimarex Energy,XEC,reports,Energy,Oil & Gas Exploration & Production,"Denver, Colorado",2014-06-21,1168054,""
Cincinnati Financial,CINF,reports,Financials,Property & Casualty Insurance,"Fairfield, Ohio",1997-12-18,20286,""
Cintas Corporation,CTAS,reports,Industrials,Diversified Support Services,"Mason, Ohio",2001-03-01,723254,""
Cisco Systems,CSCO,reports,Information Technology,Communications Equipment,"San Jose, California",1993-12-01,858877,""
Citigroup Inc.,C,reports,Financials,Diversified Banks,"New York, New York",1988-05-31,831001,""
Citizens Financial Group,CFG,reports,Financials,Regional Banks,"Providence, Rhode Island",2016-01-29,759944,""
Citrix Systems,CTXS,reports,Information Technology,Internet Software & Services,"Fort Lauderdale, Florida",1999-12-01,877890,""
The Clorox Company,CLX,reports,Consumer Staples,Household Products,"Oakland, California",1969-03-31,21076,1913
CME Group Inc.,CME,reports,Financials,Financial Exchanges & Data,"Chicago, Illinois",2006-08-11,1156375,""
CMS Energy,CMS,reports,Utilities,Multi-Utilities,"Jackson, Michigan",1999-05-03,811156,""
Coca-Cola Company,KO,reports,Consumer Staples,Soft Drinks,"Atlanta, Georgia","",21344,1886
Cognizant Technology Solutions,CTSH,reports,Information Technology,IT Consulting & Other Services,"Teaneck, New Jersey",2006-11-17,1058290,""
Colgate-Palmolive,CL,reports,Consumer Staples,Household Products,"New York, New York","",21665,1806
Comcast Corp.,CMCSA,reports,Communication Services,Cable & Satellite,"Philadelphia, Pennsylvania",2015-09-18,1166691,""
Comerica Inc.,CMA,reports,Financials,Diversified Banks,"Dallas, Texas",1995-12-01,28412,""
Conagra Brands,CAG,reports,Consumer Staples,Packaged Foods & Meats,"Chicago, Illinois",1983-08-31,23217,""
Concho Resources,CXO,reports,Energy,Oil & Gas Exploration & Production,"Midland, Texas",2016-02-22,1358071,""
ConocoPhillips,COP,reports,Energy,Oil & Gas Exploration & Production,"Houston, Texas","",1163165,2002
Consolidated Edison,ED,reports,Utilities,Electric Utilities,"New York, New York","",1047862,1823
Constellation Brands,STZ,reports,Consumer Staples,Distillers & Vintners,"Victor, New York",2005-07-05,16918,""
The Cooper Companies,COO,reports,Health Care,Health Care Supplies,"Pleasanton, California",2016-09-23,711404,""
Copart Inc,CPRT,reports,Industrials,Diversified Support Services,"Dallas, Texas",2018-07-02,900075,""
Corning Inc.,GLW,reports,Information Technology,Electronic Components,"Corning, New York","",24741,1851
Costco Wholesale Corp.,COST,reports,Consumer Staples,Hypermarkets & Super Centers,"Issaquah, Washington",1993-10-01,909832,""
"Coty, Inc",COTY,reports,Consumer Staples,Personal Products,"New York, New York",2016-10-03,1024305,""
Crown Castle International Corp.,CCI,reports,Real Estate,Specialized REITs,"Houston, Texas",2012-03-14,1051470,""
CSX Corp.,CSX,reports,Industrials,Railroads,"Jacksonville, Florida",1967-09-30,277948,1980
Cummins Inc.,CMI,reports,Industrials,Industrial Machinery,"Columbus, Indiana",1965-03-31,26172,1919
CVS Health,CVS,reports,Health Care,Health Care Services,"Woonsocket, Rhode Island","",64803,1996
D. R. Horton,DHI,reports,Consumer Discretionary,Homebuilding,"Fort Worth, Texas","",882184,1978
Danaher Corp.,DHR,reports,Health Care,Health Care Equipment,"Washington, D.C.","",313616,1969
Darden Restaurants,DRI,reports,Consumer Discretionary,Restaurants,"Orlando, Florida","",940944,1938
DaVita Inc.,DVA,reports,Health Care,Health Care Facilities,"Denver, Colorado",2008-07-31,927066,""
Deere & Co.,DE,reports,Industrials,Agricultural & Farm Machinery,"Moline, Illinois","",315189,1837
Delta Air Lines Inc.,DAL,reports,Industrials,Airlines,"Atlanta, Georgia",2013-09-11,27904,""
Dentsply Sirona,XRAY,reports,Health Care,Health Care Supplies,"York, Pennsylvania",2008-11-14,818479,""
Devon Energy,DVN,reports,Energy,Oil & Gas Exploration & Production,"Oklahoma City, Oklahoma",2000-08-30,1090012,""
Diamondback Energy,FANG,reports,Energy,Oil & Gas Exploration & Production,"Midland, Texas",2018-12-03,1539838,2007
Digital Realty Trust Inc,DLR,reports,Real Estate,Specialized REITs,"San Francisco, California",2016-05-18,1297996,""
Discover Financial Services,DFS,reports,Financials,Consumer Finance,"Riverwoods, Illinois",2007-07-02,1393612,""
Discovery Inc. Class A,DISCA,reports,Communication Services,Broadcasting,"Silver Spring, Maryland",2010-03-01,1437107,""
Discovery Inc. Class C,DISCK,reports,Communication Services,Broadcasting,"Silver Spring, Maryland",2014-08-07,1437107,""
Dish Network,DISH,reports,Communication Services,Cable & Satellite,"Meridian, Colorado",2017-03-13,1001082,""
Dollar General,DG,reports,Consumer Discretionary,General Merchandise Stores,"Goodlettsville, Tennessee",2012-12-03,29534,""
Dollar Tree,DLTR,reports,Consumer Discretionary,General Merchandise Stores,"Chesapeake, Virginia",2011-12-19,935703,""
Dominion Energy,D,reports,Utilities,Electric Utilities,"Richmond, Virginia","",715957,1983
Dover Corp.,DOV,reports,Industrials,Industrial Machinery,"Downers Grove, Illinois",1985-10-31,29905,""
DowDuPont,DWDP,reports,Materials,Diversified Chemicals,"Midland, Michigan","",1666700,2017
DTE Energy Co.,DTE,reports,Utilities,Multi-Utilities,"Detroit, Michigan","",936340,1995
Duke Realty Corp,DRE,reports,Real Estate,Industrial REITs,"Indianapolis, Indiana",2017-07-26,783280,""
Duke Energy,DUK,reports,Utilities,Electric Utilities,"Charlotte, North Carolina",1976-06-30,1326160,""
DXC Technology,DXC,reports,Information Technology,IT Consulting & Other Services,"Tysons Corner, Virginia",2017-04-04,1688568,""
E*Trade,ETFC,reports,Financials,Investment Banking & Brokerage,"New York, New York",2004-03-31,1015780,""
Eastman Chemical,EMN,reports,Materials,Diversified Chemicals,"Kingsport, Tennessee",1994-01-01,915389,""
Eaton Corporation,ETN,reports,Industrials,Electrical Components & Equipment,"Dublin, Ireland","",1551182,1911
eBay Inc.,EBAY,reports,Consumer Discretionary,Internet & Direct Marketing Retail,"San Jose, California","",1065088,1995
Ecolab Inc.,ECL,reports,Materials,Specialty Chemicals,"St. Paul, Minnesota",1989-01-31,31462,""
Edison Int'l,EIX,reports,Utilities,Electric Utilities,"Rosemead, California","",827052,1886
Edwards Lifesciences,EW,reports,Health Care,Health Care Equipment,"Irvine, California",2011-04-01,1099800,""
Electronic Arts,EA,reports,Communication Services,Interactive Home Entertainment,"Redwood City, California",2002-07-22,712515,""
Emerson Electric Company,EMR,reports,Industrials,Electrical Components & Equipment,"Ferguson, Missouri",1965-03-31,32604,1890
Entergy Corp.,ETR,reports,Utilities,Electric Utilities,"New Orleans, Louisiana","",65984,1913
EOG Resources,EOG,reports,Energy,Oil & Gas Exploration & Production,"Houston, Texas",2000-11-02,821189,""
Equifax Inc.,EFX,reports,Industrials,Research & Consulting Services,"Atlanta, Georgia",1997-06-19,33185,""
Equinix,EQIX,reports,Real Estate,Specialized REITs,"Redwood City, California",2015-03-20,1101239,""
Equity Residential,EQR,reports,Real Estate,Residential REITs,"Chicago, Illinois",2001-12-03,906107,""
"Essex Property Trust, Inc.",ESS,reports,Real Estate,Residential REITs,"Palo Alto, California",2014-04-02,920522,""
Estee Lauder Cos.,EL,reports,Consumer Staples,Personal Products,"New York, New York",2006-01-05,1001250,""
Evergy,EVRG,reports,Utilities,Electric Utilities,"Kansas City, Missouri",2018-06-05,1711269,1909
Eversource Energy,ES,reports,Utilities,Multi-Utilities,"Springfield, Massachusetts","",72741,1966
Everest Re Group Ltd.,RE,reports,Financials,Reinsurance,"Hamilton, Bermuda",2017-06-19,1095073,""
Exelon Corp.,EXC,reports,Utilities,Multi-Utilities,"Chicago, Illinois","",1109357,2000
Expedia Group,EXPE,reports,Consumer Discretionary,Internet & Direct Marketing Retail,"Bellevue, Washington",2007-10-02,1324424,""
Expeditors,EXPD,reports,Industrials,Air Freight & Logistics,"Seattle, Washington",2007-10-10,746515,""
Extra Space Storage,EXR,reports,Real Estate,Specialized REITs,"Salt Lake City, Utah",2016-01-19,1289490,""
Exxon Mobil Corp.,XOM,reports,Energy,Integrated Oil & Gas,"Irving, Texas","",34088,1999
F5 Networks,FFIV,reports,Information Technology,Communications Equipment,"Seattle, Washington",2010-12-20,1048695,1996
"Facebook, Inc.",FB,reports,Communication Services,Interactive Media & Services,"Menlo Park, California",2013-12-23,1326801,""
Fastenal Co,FAST,reports,Industrials,Building Products,"Winona, Minnesota",2009-09-15,815556,""
Federal Realty Investment Trust,FRT,reports,Real Estate,Retail REITs,"Rockville, Maryland",2016-02-01,34903,""
FedEx Corporation,FDX,reports,Industrials,Air Freight & Logistics,"Memphis, Tennessee",1980-12-31,1048911,""
Fidelity National Information Services,FIS,reports,Information Technology,Internet Software & Services,"Jacksonville, Florida",2006-11-10,1136893,""
Fifth Third Bancorp,FITB,reports,Financials,Regional Banks,"Cincinnati, Ohio","",35527,1858
FirstEnergy Corp,FE,reports,Utilities,Electric Utilities,"Akron, Ohio","",1031296,1997
First Republic Bank,FRC,reports,Financials,Regional Banks,"San Francisco, California",2019-01-02,1132979,1985
Fiserv Inc,FISV,reports,Information Technology,Internet Software & Services,"Brookfield, Wisconsin",2001-04-02,798354,""
FleetCor Technologies Inc,FLT,reports,Information Technology,Data Processing & Outsources Services,"Norcross, Georgia",2018-06-20,1175454,2000
FLIR Systems,FLIR,reports,Information Technology,Electronic Equipment & Instruments,"Wilsonville, Oregon",2009-01-02,354908,""
Flowserve Corporation,FLS,reports,Industrials,Industrial Machinery,"Irving, Texas",2008-10-02,30625,""
Fluor Corp.,FLR,reports,Industrials,Construction & Engineering,"Irving, Texas",1980-03-31,1124198,""
FMC Corporation,FMC,reports,Materials,Fertilizers & Agricultural Chemicals,"Philadelphia, Pennsylvania",2009-08-19,37785,""
Foot Locker Inc,FL,reports,Consumer Discretionary,Apparel Retail,"New York, New York",2016-04-04,850209,""
Ford Motor,F,reports,Consumer Discretionary,Automobile Manufacturers,"Dearborn, Michigan","",37996,1903
Fortinet,FTNT,reports,Information Technology,Systems Software,"Sunnyvale, California",2018-10-11,1262039,2000
Fortive Corp,FTV,reports,Industrials,Industrial Machinery,"Everett, Washington",2016-07-01,1659166,""
Fortune Brands Home & Security,FBHS,reports,Industrials,Building Products,"Deerfield, Illinois",2016-06-22,1519751,""
Franklin Resources,BEN,reports,Financials,Asset Management & Custody Banks,"San Mateo, California","",38777,1947
Freeport-McMoRan Inc.,FCX,reports,Materials,Copper,"Phoenix, Arizona","",831259,1912
Gap Inc.,GPS,reports,Consumer Discretionary,Apparel Retail,"San Francisco, California",1986-08-31,39911,""
Garmin Ltd.,GRMN,reports,Consumer Discretionary,Consumer Electronics,"Schaffhausen, Switzerland",2012-12-12,1121788,""
Gartner Inc,IT,reports,Information Technology,IT Consulting & Other Services,"Stamford, Connecticut",2017-04-05,749251,""
General Dynamics,GD,reports,Industrials,Aerospace & Defense,"Falls Church, Virginia","",40533,1899
General Electric,GE,reports,Industrials,Industrial Conglomerates,"Boston, Massachusetts","",40545,1892
General Mills,GIS,reports,Consumer Staples,Packaged Foods & Meats,"Golden Valley, Minnesota",1969-03-31,40704,1856
General Motors,GM,reports,Consumer Discretionary,Automobile Manufacturers,"Detroit, Michigan",2013-06-06,1467858,""
Genuine Parts,GPC,reports,Consumer Discretionary,Specialty Stores,"Atlanta, Georgia",1973-12-31,40987,1925
Gilead Sciences,GILD,reports,Health Care,Biotechnology,"Foster City, California",2004-07-01,882095,""
Global Payments Inc.,GPN,reports,Information Technology,Data Processing & Outsourced Services,"Atlanta, Georgia",2016-04-25,1123360,""
Goldman Sachs Group,GS,reports,Financials,Investment Banking & Brokerage,"New York, New York",2002-07-22,886982,""
Grainger (W.W.) Inc.,GWW,reports,Industrials,Industrial Machinery,"Lake Forest, Illinois",1981-06-30,277135,""
Halliburton Co.,HAL,reports,Energy,Oil & Gas Equipment & Services,"Houston, Texas","",45012,1919
Hanesbrands Inc,HBI,reports,Consumer Discretionary,"Apparel, Accessories & Luxury Goods","Winston-Salem, North Carolina",2015-03-20,1359841,""
Harley-Davidson,HOG,reports,Consumer Discretionary,Motorcycle Manufacturers,"Milwaukee, Wisconsin","",793952,1903
Harris Corporation,HRS,reports,Industrials,Aerospace & Defense,"Melbourne, Florida",2008-09-22,202058,""
Hartford Financial Svc.Gp.,HIG,reports,Financials,Property & Casualty Insurance,"Hartford, Connecticut","",874766,""
Hasbro Inc.,HAS,reports,Consumer Discretionary,Leisure Products,"Pawtucket, Rhode Island",1984-09-30,46080,""
HCA Holdings,HCA,reports,Health Care,Health Care Facilities,"Nashville, Tennessee",2015-01-27,860730,""
HCP Inc.,HCP,reports,Real Estate,Health Care REITs,"Long Beach, California",2008-03-31,765880,""
Helmerich & Payne,HP,reports,Energy,Oil & Gas Drilling,"Tulsa, Oklahoma[5]",2010-03-01,46765,""
Henry Schein,HSIC,reports,Health Care,Health Care Distributors,"Melville, New York",2015-03-17,1000228,""
The Hershey Company,HSY,reports,Consumer Staples,Packaged Foods & Meats,"Hershey, Pennsylvania","",47111,1894
Hess Corporation,HES,reports,Energy,Integrated Oil & Gas,"New York, New York",1984-05-31,4447,""
Hewlett Packard Enterprise,HPE,reports,Information Technology,"Technology Hardware, Storage & Peripherals","Palo Alto, California",2015-11-02,1645590,""
Hilton Worldwide Holdings Inc,HLT,reports,Consumer Discretionary,"Hotels, Resorts & Cruise Lines","Tysons Corner, Virginia",2017-06-19,1585689,""
HollyFrontier Corp,HFC,reports,Energy,Oil & Gas Refining & Marketing,"Dallas, Texas",2018-06-18,48039,""
Hologic,HOLX,reports,Health Care,Health Care Equipment,"Marlborough, Massachusetts",2016-03-30,859737,""
Home Depot,HD,reports,Consumer Discretionary,Home Improvement Retail,"Atlanta, Georgia",1988-03-31,354950,""
Honeywell Int'l Inc.,HON,reports,Industrials,Industrial Conglomerates,"Morristown, New Jersey",1964-03-31,773840,1906
Hormel Foods Corp.,HRL,reports,Consumer Staples,Packaged Foods & Meats,"Austin, Minnesota",2009-03-04,48465,""
Host Hotels & Resorts,HST,reports,Real Estate,Hotel & Resort REITs,"Bethesda, Maryland",2007-03-20,1070750,""
HP Inc.,HPQ,reports,Information Technology,"Technology Hardware, Storage & Peripherals","Palo Alto, California",1974-12-31,47217,1939 (2015)
Humana Inc.,HUM,reports,Health Care,Managed Health Care,"Louisville, Kentucky","",49071,1961
Huntington Bancshares,HBAN,reports,Financials,Regional Banks,"Columbus, Ohio","",49196,1866
Huntington Ingalls Industries,HII,reports,Industrials,Aerospace & Defense,"Newport News, Virginia",2018-01-03,1501585,""
IDEXX Laboratories,IDXX,reports,Health Care,Health Care Equipment,"Westbrook, Maine",2017-01-05,874716,""
IHS Markit Ltd.,INFO,reports,Industrials,Research & Consulting Services,"London, United Kingdom",2017-06-02,1598014,""
Illinois Tool Works,ITW,reports,Industrials,Industrial Machinery,"Glenview, Illinois",1986-02-28,49826,""
Illumina Inc,ILMN,reports,Health Care,Life Sciences Tools & Services,"San Diego, California",2015-11-19,1110803,""
Ingersoll-Rand PLC,IR,reports,Industrials,Industrial Machinery,"Dublin, Ireland",2010-11-17,1466258,""
Intel Corp.,INTC,reports,Information Technology,Semiconductors,"Santa Clara, California",1976-12-31,50863,""
Intercontinental Exchange,ICE,reports,Financials,Financial Exchanges & Data,"Atlanta, Georgia",2007-09-26,1571949,""
International Business Machines,IBM,reports,Information Technology,IT Consulting & Other Services,"Armonk, New York","",51143,1911
Incyte,INCY,reports,Health Care,Biotechnology,"Wilmington, Delaware",2017-02-28,879169,""
International Paper,IP,reports,Materials,Paper Packaging,"Memphis, Tennessee","",51434,1898
Interpublic Group,IPG,reports,Communication Services,Advertising,"New York, New York",1992-10-01,51644,""
Intl Flavors & Fragrances,IFF,reports,Materials,Specialty Chemicals,"New York, New York",1976-03-31,51253,""
Intuit Inc.,INTU,reports,Information Technology,Internet Software & Services,"Mountain View, California",2000-12-05,896878,""
Intuitive Surgical Inc.,ISRG,reports,Health Care,Health Care Equipment,"Sunnyvale, California",2008-06-02,1035267,""
Invesco Ltd.,IVZ,reports,Financials,Asset Management & Custody Banks,"Atlanta, Georgia",2008-08-21,914208,""
IPG Photonics Corp.,IPGP,reports,Information Technology,Electronic Manufacturing Services,"Oxford, Massachusetts",2018-03-07,1111928,""
IQVIA Holdings Inc.,IQV,reports,Health Care,Life Sciences Tools & Service,"Durham, North Carolina",2017-08-29,1478242,""
Iron Mountain Incorporated,IRM,reports,Real Estate,Specialized REITs,"Boston, Massachusetts",2009-01-06,1020569,""
Jack Henry & Associates Inc,JKHY,reports,Information Technology,Data Processing & Outsourced Services,"Monett, Missouri",2018-11-13,1262439,""
Jacobs Engineering Group,JEC,reports,Industrials,Construction & Engineering,"Pasadena, California",2007-10-26,52988,""
J. B. Hunt Transport Services,JBHT,reports,Industrials,Trucking,"Lowell, Arkansas",2015-07-01,728535,""
Jefferies Financial Group,JEF,reports,Financials,Multi-Sector Holdings,"New York, New York",2007-08-27,96223,""
JM Smucker,SJM,reports,Consumer Staples,Packaged Foods & Meats,"Orrville, Ohio",2008-11-06,91419,""
Johnson & Johnson,JNJ,reports,Health Care,Pharmaceuticals,"New Brunswick, New Jersey",1973-06-30,200406,1886
Johnson Controls International,JCI,reports,Industrials,Building Products,"Cork, Ireland",2010-08-27,833444,""
JPMorgan Chase & Co.,JPM,reports,Financials,Diversified Banks,"New York, New York",1975-06-30,19617,""
Juniper Networks,JNPR,reports,Information Technology,Communications Equipment,"Sunnyvale, California","",1043604,1996
Kansas City Southern,KSU,reports,Industrials,Railroads,"Kansas City, Missouri",2013-05-24,54480,""
Kellogg Co.,K,reports,Consumer Staples,Packaged Foods & Meats,"Battle Creek, Michigan","",55067,1906
KeyCorp,KEY,reports,Financials,Regional Banks,"Cleveland, Ohio",1994-03-01,91576,""
Keysight Technologies,KEYS,reports,Information Technology,Electronic Equipment & Instruments,"Santa Rosa, California",2018-11-06,1601046,2014
Kimberly-Clark,KMB,reports,Consumer Staples,Household Products,"Irving, Texas","",55785,1872
Kimco Realty,KIM,reports,Real Estate,Retail REITs,"New Hyde Park, New York",2006-04-04,879101,""
Kinder Morgan,KMI,reports,Energy,Oil & Gas Storage & Transportation,"Houston, Texas",2012-05-25,1506307,""
KLA-Tencor Corp.,KLAC,reports,Information Technology,Semiconductor Equipment,"Milpitas, California","",319201,1975/1977 (1997)
Kohl's Corp.,KSS,reports,Consumer Discretionary,General Merchandise Stores,"Menomonee Falls, Wisconsin","",885639,1962
Kraft Heinz Co,KHC,reports,Consumer Staples,Packaged Foods & Meats,"Pittsburgh, Pennsylvania",2015-07-06,1637459,""
Kroger Co.,KR,reports,Consumer Staples,Food Retail,"Cincinnati, Ohio","",56873,1883
L Brands Inc.,LB,reports,Consumer Discretionary,Apparel Retail,"Columbus, Ohio",1983-09-30,701985,""
L-3 Communications Holdings,LLL,reports,Industrials,Aerospace & Defense,"New York, New York","",1056239,1997
Laboratory Corp. of America Holding,LH,reports,Health Care,Health Care Services,"Burlington, North Carolina",2004-11-01,920148,""
Lam Research,LRCX,reports,Information Technology,Semiconductor Equipment,"Fremont, California",2012-06-29,707549,""
Lamb Weston Holdings Inc,LW,reports,Consumer Staples,Packaged Foods & Meats,"Eagle, Idaho",2018-12-03,1679273,""
Leggett & Platt,LEG,reports,Consumer Discretionary,Home Furnishings,"Carthage, Missouri","",58492,1883
Lennar Corp.,LEN,reports,Consumer Discretionary,Homebuilding,"Miami, Florida",2005-10-04,920760,""
Lilly (Eli) & Co.,LLY,reports,Health Care,Pharmaceuticals,"Indianapolis, Indiana",1970-12-31,59478,1876
Lincoln National,LNC,reports,Financials,Multi-line Insurance,"Radnor, Pennsylvania",1976-06-30,59558,""
Linde plc,LIN,reports,Materials,Industrial Gases,"Guildford, Surrey, United Kingdom",1992-07-01,1707925,""
LKQ Corporation,LKQ,reports,Consumer Discretionary,Distributors,"Chicago, Illinois",2016-05-23,1065696,""
Lockheed Martin Corp.,LMT,reports,Industrials,Aerospace & Defense,"Bethesda, Maryland",1984-07-31,936468,""
Loews Corp.,L,reports,Financials,Multi-line Insurance,"New York, New York","",60086,""
Lowe's Cos.,LOW,reports,Consumer Discretionary,Home Improvement Retail,"Mooresville, North Carolina",1984-02-29,60667,1904/1946/1959
LyondellBasell,LYB,reports,Materials,Specialty Chemicals,"Rotterdam, Netherlands",2012-09-05,1489393,""
M&T Bank Corp.,MTB,reports,Financials,Regional Banks,"Buffalo, New York","",36270,1856
Macerich,MAC,reports,Real Estate,Retail REITs,"Santa Monica, California",2013-05-09,912242,""
Macy's Inc.,M,reports,Consumer Discretionary,Department Stores,"Cincinnati, Ohio","",794367,1929
Marathon Oil Corp.,MRO,reports,Energy,Oil & Gas Exploration & Production,"Houston, Texas",1991-05-01,101778,""
Marathon Petroleum,MPC,reports,Energy,Oil & Gas Refining & Marketing,"Findlay, Ohio",2011-07-01,1510295,""
Marriott Int'l.,MAR,reports,Consumer Discretionary,"Hotels, Resorts & Cruise Lines","Bethesda, Maryland","",1048286,1927
Marsh & McLennan,MMC,reports,Financials,Insurance Brokers,"New York, New York",1987-08-31,62709,""
Martin Marietta Materials,MLM,reports,Materials,Construction Materials,"Raleigh, North Carolina",2014-07-02,916076,""
Masco Corp.,MAS,reports,Industrials,Building Products,"Taylor, Michigan",1981-06-30,62996,""
Mastercard Inc.,MA,reports,Financials,Credit Card Services,"Harrison, New York",2008-07-18,1141391,""
Mattel Inc.,MAT,reports,Consumer Discretionary,Leisure Products,"El Segundo, California",1982-03-31,63276,""
McCormick & Co.,MKC,reports,Consumer Staples,Packaged Foods & Meats,"Sparks, Maryland","",63754,1889
Maxim Integrated Products Inc,MXIM,reports,Information Technology,Semiconductors,"San Jose, California",2018-12-03,743316,1983
McDonald's Corp.,MCD,reports,Consumer Discretionary,Restaurants,"Chicago, Illinois",1970-06-30,63908,1940
McKesson Corp.,MCK,reports,Health Care,Health Care Distributors,"San Francisco, California","",927653,1833
Medtronic plc,MDT,reports,Health Care,Health Care Equipment,"Dublin, Ireland",1986-10-31,64670,""
Merck & Co.,MRK,reports,Health Care,Pharmaceuticals,"Whitehouse Station, New Jersey","",310158,1891
MetLife Inc.,MET,reports,Financials,Life & Health Insurance,"New York, New York","",1099219,1868
Mettler Toledo,MTD,reports,Health Care,Life Sciences Tools & Services,"Columbus, Ohio",2016-09-06,1037646,""
MGM Resorts International,MGM,reports,Consumer Discretionary,Casinos & Gaming,"Paradise, Nevada",2017-07-26,789570,""
Microchip Technology,MCHP,reports,Information Technology,Semiconductors,"Chandler, Arizona",2007-09-07,827054,""
Micron Technology,MU,reports,Information Technology,Semiconductors,"Boise, Idaho",1994-09-27,723125,""
Microsoft Corp.,MSFT,reports,Information Technology,Systems Software,"Redmond, Washington",1994-06-01,789019,1975
Mid-America Apartments,MAA,reports,Real Estate,Residential REITs,"Memphis, Tennessee",2016-12-02,912595,""
Mohawk Industries,MHK,reports,Consumer Discretionary,Home Furnishings,"Amsterdam, New York",2013-12-23,851968,""
Molson Coors Brewing Company,TAP,reports,Consumer Staples,Brewers,"Denver, Colorado",1976-06-30,24545,""
Mondelez International,MDLZ,reports,Consumer Staples,Packaged Foods & Meats,"Deerfield, Illinois",2012-10-02,1103982,""
Monster Beverage,MNST,reports,Consumer Staples,Soft Drinks,"Corona, California",2012-06-28,865752,""
Moody's Corp,MCO,reports,Financials,Financial Exchanges & Data,"New York, New York","",1059556,1909
Morgan Stanley,MS,reports,Financials,Investment Banking & Brokerage,"New York, New York","",895421,1935
The Mosaic Company,MOS,reports,Materials,Fertilizers & Agricultural Chemicals,"Plymouth, Minnesota",2011-09-26,1285785,""
Motorola Solutions Inc.,MSI,reports,Information Technology,Communications Equipment,"Schaumburg, Illinois","",68505,1928 (2011)
MSCI Inc,MSCI,reports,Financials,Financial Exchanges & Data,"New York, New York",2018-04-04,1408198,""
Mylan N.V.,MYL,reports,Health Care,Pharmaceuticals,"Amsterdam, Netherlands",2004-04-23,69499,""
"Nasdaq, Inc.",NDAQ,reports,Financials,Financial Exchanges & Data,"New York, New York",2008-10-22,1120193,""
National Oilwell Varco Inc.,NOV,reports,Energy,Oil & Gas Equipment & Services,"Houston, Texas",2005-03-14,1021860,""
Nektar Therapeutics,NKTR,reports,Health Care,Pharmaceuticals,"San Francisco, California",2018-03-19,906709,""
NetApp,NTAP,reports,Information Technology,Internet Software & Services,"Sunnyvale, California",1999-06-25,1002047,""
Netflix Inc.,NFLX,reports,Communication Services,Movies & Entertainment,"Los Gatos, California",2010-12-20,1065280,1997
Newell Brands,NWL,reports,Consumer Discretionary,Housewares & Specialties,"Sandy Springs, Georgia",1989-04-30,814453,""
Newmont Mining Corporation,NEM,reports,Materials,Gold,"Denver, Colorado",1969-06-30,1164727,1921
News Corp. Class A,NWSA,reports,Communication Services,Publishing,"New York, New York",2013-08-01,1564708,""
News Corp. Class B,NWS,reports,Communication Services,Publishing,"New York, New York",2015-09-18,1564708,""
NextEra Energy,NEE,reports,Utilities,Multi-Utilities,"Juno Beach, Florida",1976-06-30,753308,""
Nielsen Holdings,NLSN,reports,Industrials,Research & Consulting Services,"New York, New York",2013-07-09,1492633,""
Nike,NKE,reports,Consumer Discretionary,"Apparel, Accessories & Luxury Goods","Washington County, Oregon",1988-11-30,320187,""
NiSource Inc.,NI,reports,Utilities,Multi-Utilities,"Merrillville, Indiana","",1111711,1912
Noble Energy Inc,NBL,reports,Energy,Oil & Gas Exploration & Production,"Houston, Texas",2007-10-08,72207,""
Nordstrom,JWN,reports,Consumer Discretionary,Department Stores,"Seattle, Washington",1986-08-31,72333,""
Norfolk Southern Corp.,NSC,reports,Industrials,Railroads,"Norfolk, Virginia","",702165,1881/1894 (1980)
Northern Trust Corp.,NTRS,reports,Financials,Asset Management & Custody Banks,"Chicago, Illinois","",73124,1889
Northrop Grumman Corp.,NOC,reports,Industrials,Aerospace & Defense,"West Falls Church, Virginia",1985-06-30,1133421,""
Norwegian Cruise Line,NCLH,reports,Consumer Discretionary,"Hotels, Resorts & Cruise Lines","Miami, Florida",2017-10-13,1513761,""
NRG Energy,NRG,reports,Utilities,Independent Power Producers & Energy Traders,"Princeton, New Jersey",2010-01-29,1013871,""
Nucor Corp.,NUE,reports,Materials,Steel,"Charlotte, North Carolina",1985-04-30,73309,""
Nvidia Corporation,NVDA,reports,Information Technology,Semiconductors,"Santa Clara, California",2001-11-30,1045810,""
O'Reilly Automotive,ORLY,reports,Consumer Discretionary,Specialty Stores,"Springfield, Missouri",2009-03-27,898173,""
Occidental Petroleum,OXY,reports,Energy,Oil & Gas Exploration & Production,"Los Angeles, California",1982-12-31,797468,""
Omnicom Group,OMC,reports,Communication Services,Advertising,"New York, New York","",29989,1986
ONEOK,OKE,reports,Energy,Oil & Gas Storage & Transportation,"Tulsa, Oklahoma",2010-03-15,1039684,""
Oracle Corp.,ORCL,reports,Information Technology,Application Software,"Redwood Shores, California",1989-08-31,1341439,""
PACCAR Inc.,PCAR,reports,Industrials,Construction Machinery & Heavy Trucks,"Bellevue, Washington",1980-12-31,75362,""
Packaging Corporation of America,PKG,reports,Materials,Paper Packaging,"Lake Forest, Illinois",2017-07-26,75677,""
Parker-Hannifin,PH,reports,Industrials,Industrial Machinery,"Cleveland, Ohio",1985-11-30,76334,""
Paychex Inc.,PAYX,reports,Information Technology,Internet Software & Services,"Penfield, New York","",723531,1971
PayPal,PYPL,reports,Information Technology,Data Processing & Outsourced Services,"San Jose, California",2015-07-20,1633917,""
Pentair plc,PNR,reports,Industrials,Industrial Machinery,"Worsley, UK",2012-10-01,77360,""
People's United Financial,PBCT,reports,Financials,Thrifts & Mortgage Finance,"Bridgeport, Connecticut",2008-11-13,1378946,""
PepsiCo Inc.,PEP,reports,Consumer Staples,Soft Drinks,"Purchase, New York","",77476,1898
PerkinElmer,PKI,reports,Health Care,Health Care Equipment,"Waltham, Massachusetts",1985-05-31,31791,""
Perrigo,PRGO,reports,Health Care,Pharmaceuticals,"Dublin, Ireland",2011-12-19,1585364,""
Pfizer Inc.,PFE,reports,Health Care,Pharmaceuticals,"New York, New York","",78003,1849
Philip Morris International,PM,reports,Consumer Staples,Tobacco,"New York, New York",2008-03-31,1413329,""
Phillips 66,PSX,reports,Energy,Oil & Gas Refining & Marketing,"Houston, Texas",2012-05-01,1534701,""
Pinnacle West Capital,PNW,reports,Utilities,Multi-Utilities,"Phoenix, Arizona","",764622,1985
Pioneer Natural Resources,PXD,reports,Energy,Oil & Gas Exploration & Production,"Irving, Texas",2008-09-24,1038357,""
PNC Financial Services,PNC,reports,Financials,Regional Banks,"Pittsburgh, Pennsylvania",1988-04-30,713676,""
Polo Ralph Lauren Corp.,RL,reports,Consumer Discretionary,"Apparel, Accessories & Luxury Goods","New York, New York",2007-02-02,1037038,""
PPG Industries,PPG,reports,Materials,Specialty Chemicals,"Pittsburgh, Pennsylvania","",79879,1883
PPL Corp.,PPL,reports,Utilities,Electric Utilities,"Allentown, Pennsylvania","",922224,""
Principal Financial Group,PFG,reports,Financials,Life & Health Insurance,"Des Moines, Iowa",2002-07-22,1126328,""
Procter & Gamble,PG,reports,Consumer Staples,Personal Products,"Cincinnati, Ohio","",80424,1837
Progressive Corp.,PGR,reports,Financials,Property & Casualty Insurance,"Mayfield Village, Ohio",1997-08-04,80661,""
Prologis,PLD,reports,Real Estate,Industrial REITs,"San Francisco, California",2003-07-17,1045609,""
Prudential Financial,PRU,reports,Financials,Life & Health Insurance,"Newark, New Jersey",2002-07-22,1137774,""
Public Serv. Enterprise Inc.,PEG,reports,Utilities,Electric Utilities,"Newark, New Jersey","",788784,""
Public Storage,PSA,reports,Real Estate,Specialized REITs,"Glendale, California",2005-08-19,1393311,""
Pulte Homes Inc.,PHM,reports,Consumer Discretionary,Homebuilding,"Atlanta, Georgia",1984-04-30,822416,""
PVH Corp.,PVH,reports,Consumer Discretionary,"Apparel, Accessories & Luxury Goods","New York, New York",2013-02-15,78239,""
Qorvo,QRVO,reports,Information Technology,Semiconductors,"Greensboro, North Carolina",2015-06-11,1604778,""
Quanta Services Inc.,PWR,reports,Industrials,Construction & Engineering,"Houston, Texas",2009-07-01,1050915,""
QUALCOMM Inc.,QCOM,reports,Information Technology,Semiconductors,"San Diego, California","",804328,1985
Quest Diagnostics,DGX,reports,Health Care,Health Care Services,"Madison, New Jersey",2002-12-12,1022079,""
Raymond James Financial Inc.,RJF,reports,Financials,Investment Banking & Brokerage,"St. Petersburg, Florida",2017-03-20,720005,""
Raytheon Co.,RTN,reports,Industrials,Aerospace & Defense,"Waltham, Massachusetts","",1047122,1922
Realty Income Corporation,O,reports,Real Estate,Retail REITs,"San Diego, California",2015-04-07,726728,""
Red Hat Inc.,RHT,reports,Information Technology,Systems Software,"Raleigh, North Carolina",2009-07-27,1087423,""
Regency Centers Corporation,REG,reports,Real Estate,Retail REITs,"Jacksonville, Florida",2017-03-02,910606,""
Regeneron,REGN,reports,Health Care,Biotechnology,"Tarrytown, New York",2013-05-01,872589,""
Regions Financial Corp.,RF,reports,Financials,Regional Banks,"Birmingham, Alabama",1998-08-28,1281761,""
Republic Services Inc,RSG,reports,Industrials,Environmental & Facilities Services,"Phoenix, Arizona",2008-12-05,1060391,""
ResMed,RMD,reports,Health Care,Health Care Equipment,"San Diego, California",2017-07-26,943819,""
Robert Half International,RHI,reports,Industrials,Human Resource & Employment Services,"Menlo Park, California",2000-12-05,315213,""
Rockwell Automation Inc.,ROK,reports,Industrials,Electrical Components & Equipment,"Milwaukee, Wisconsin","",1024478,""
Rollins Inc.,ROL,reports,Industrials,Environmental & Facilities Services,"Atlanta, Georgia",2018-10-01,84839,""
Roper Technologies,ROP,reports,Industrials,Industrial Conglomerates,"Sarasota, Florida",2009-12-23,882835,""
Ross Stores,ROST,reports,Consumer Discretionary,Apparel Retail,"Pleasanton, California",2009-12-21,745732,""
Royal Caribbean Cruises Ltd,RCL,reports,Consumer Discretionary,"Hotels, Resorts & Cruise Lines","Miami, Florida",2014-12-05,884887,""
Salesforce.com,CRM,reports,Information Technology,Internet Software & Services,"San Francisco, California",2008-09-15,1108524,""
SBA Communications,SBAC,reports,Real Estate,Specialized REITs,"Boca Raton, Florida",2017-09-01,1034054,""
Schlumberger Ltd.,SLB,reports,Energy,Oil & Gas Equipment & Services,"Curaçao, Kingdom of the Netherlands",1965-03-31,87347,1926
Seagate Technology,STX,reports,Information Technology,"Technology Hardware, Storage & Peripherals","Dublin, Ireland",2012-07-02,1137789,""
Sealed Air,SEE,reports,Materials,Paper Packaging,"Elmwood Park, New Jersey","",1012100,""
Sempra Energy,SRE,reports,Utilities,Multi-Utilities,"San Diego, California","",1032208,""
Sherwin-Williams,SHW,reports,Materials,Specialty Chemicals,"Cleveland, Ohio",1964-06-30,89800,1866
Simon Property Group Inc,SPG,reports,Real Estate,Retail REITs,"Indianapolis, Indiana",2002-06-26,1063761,""
Skyworks Solutions,SWKS,reports,Information Technology,Semiconductors,"Woburn, Massachusetts",2015-03-12,4127,""
SL Green Realty,SLG,reports,Real Estate,Office REITs,"New York, New York",2015-03-20,1040971,""
Snap-on,SNA,reports,Industrials,Industrial Machinery,"Kenosha, Wisconsin",1982-09-30,91440,""
Southern Co.,SO,reports,Utilities,Electric Utilities,"Atlanta, Georgia","",92122,""
Southwest Airlines,LUV,reports,Industrials,Airlines,"Dallas, Texas",1994-07-01,92380,""
"S&P Global, Inc.",SPGI,reports,Financials,Financial Exchanges & Data,"New York, New York","",64040,""
Stanley Black & Decker,SWK,reports,Industrials,Industrial Machinery,"New Britain, Connecticut",1982-09-30,93556,""
Starbucks Corp.,SBUX,reports,Consumer Discretionary,Restaurants,"Seattle, Washington","",829224,1971
State Street Corp.,STT,reports,Financials,Asset Management & Custody Banks,"Boston, Massachusetts","",93751,""
Stryker Corp.,SYK,reports,Health Care,Health Care Equipment,"Kalamazoo, Michigan",2000-12-12,310764,""
SunTrust Banks,STI,reports,Financials,Regional Banks,"Atlanta, Georgia",1988-05-31,750556,""
SVB Financial,SIVB,reports,Financials,Regional Banks,"Santa Clara, California",2018-03-19,719739,""
Symantec Corp.,SYMC,reports,Information Technology,Application Software,"Mountain View, California",2003-03-25,849399,""
Synchrony Financial,SYF,reports,Financials,Consumer Finance,"Stamford, Connecticut",2015-11-18,1601712,""
Synopsys Inc.,SNPS,reports,Information Technology,Application Software,"Mountain View, California",2017-03-16,883241,""
Sysco Corp.,SYY,reports,Consumer Staples,Food Distributors,"Houston, Texas",1986-12-31,96021,""
T. Rowe Price Group,TROW,reports,Financials,Asset Management & Custody Banks,"Baltimore, Maryland","",1113169,1937
Take-Two Interactive,TTWO,reports,Communication Services,Interactive Home Entertainment,"New York, New York",2018-03-19,946581,""
"Tapestry, Inc.",TPR,reports,Consumer Discretionary,"Apparel, Accessories & Luxury Goods","New York, New York","",1116132,2017
Target Corp.,TGT,reports,Consumer Discretionary,General Merchandise Stores,"Minneapolis, Minnesota",1976-12-31,27419,""
TE Connectivity Ltd.,TEL,reports,Information Technology,Electronic Manufacturing Services,"Schaffhausen, Switzerland",2011-10-17,1385157,""
TechnipFMC,FTI,reports,Energy,Oil & Gas Equipment & Services,"London, United Kingdom",2009-06-05,1681459,""
Teleflex Inc,TFX,reports,Health Care,Health Care Equipment,"Wayne, Pennsylvania",2019-01-18,96943,1943
Texas Instruments,TXN,reports,Information Technology,Semiconductors,"Dallas, Texas","",97476,1930
Textron Inc.,TXT,reports,Industrials,Aerospace & Defense,"Providence, Rhode Island",1978-12-31,217346,""
Thermo Fisher Scientific,TMO,reports,Health Care,Health Care Equipment,"Waltham, Massachusetts","",97745,2006
Tiffany & Co.,TIF,reports,Consumer Discretionary,"Apparel, Accessories & Luxury Goods","New York, New York",2000-06-21,98246,""
"Twitter, Inc.",TWTR,reports,Communication Services,Interactive Media & Services,"San Francisco, California",2018-06-07,1418091,""
TJX Companies Inc.,TJX,reports,Consumer Discretionary,Apparel Retail,"Framingham, Massachusetts",1985-09-30,109198,""
Torchmark Corp.,TMK,reports,Financials,Life & Health Insurance,"McKinney, Texas",1989-04-30,320335,""
Total System Services,TSS,reports,Information Technology,Internet Software & Services,"Columbus, Georgia",2008-01-02,721683,""
Tractor Supply Company,TSCO,reports,Consumer Discretionary,Specialty Stores,"Brentwood, Tennessee",2014-01-24,916365,""
TransDigm Group,TDG,reports,Industrials,Aerospace & Defense,"Cleveland, Ohio",2016-06-03,1260221,""
The Travelers Companies Inc.,TRV,reports,Financials,Property & Casualty Insurance,"New York, New York",2002-08-21,86312,""
TripAdvisor,TRIP,reports,Communication Services,Interactive Media & Services,"Newton, Massachusetts",2011-12-21,1526520,""
Twenty-First Century Fox Class A,FOXA,reports,Communication Services,Movies & Entertainment,"New York, New York",2013-07-01,1308161,""
Twenty-First Century Fox Class B,FOX,reports,Communication Services,Movies & Entertainment,"New York, New York",2015-09-18,1308161,""
Tyson Foods,TSN,reports,Consumer Staples,Packaged Foods & Meats,"Springdale, Arkansas","",100493,""
UDR Inc,UDR,reports,Real Estate,Residential REITs,"Highlands Ranch, Colorado",2016-03-07,74208,""
Ulta Beauty,ULTA,reports,Consumer Discretionary,Specialty Stores,"Bolingbrook, Illinois",2016-04-18,1403568,""
U.S. Bancorp,USB,reports,Financials,Diversified Banks,"Minneapolis, Minnesota","",36104,1968
Under Armour Class A,UAA,reports,Consumer Discretionary,"Apparel, Accessories & Luxury Goods","Baltimore, Maryland",2016-03-25,1336917,""
Under Armour Class C,UA,reports,Consumer Discretionary,"Apparel, Accessories & Luxury Goods","Baltimore, Maryland",2014-05-01,1336917,""
Union Pacific,UNP,reports,Industrials,Railroads,"Omaha, Nebraska","",100885,""
United Continental Holdings,UAL,reports,Industrials,Airlines,"Chicago, Illinois",2015-09-03,100517,""
United Health Group Inc.,UNH,reports,Health Care,Managed Health Care,"Minnetonka, Minnesota",1994-07-01,731766,""
United Parcel Service,UPS,reports,Industrials,Air Freight & Logistics,"Atlanta, Georgia",2002-07-22,1090727,""
"United Rentals, Inc.",URI,reports,Industrials,Trading Companies & Distributors,"Stamford, Connecticut",2014-09-20,1067701,""
United Technologies,UTX,reports,Industrials,Aerospace & Defense,"Hartford, Connecticut","",101829,""
"Universal Health Services, Inc.",UHS,reports,Health Care,Health Care Facilities,"King of Prussia, Pennsylvania",2014-09-20,352915,""
Unum Group,UNM,reports,Financials,Life & Health Insurance,"Chattanooga, Tennessee",1994-03-01,5513,""
V.F. Corp.,VFC,reports,Consumer Discretionary,"Apparel, Accessories & Luxury Goods","Greensboro, North Carolina",1979-06-30,103379,""
Valero Energy,VLO,reports,Energy,Oil & Gas Refining & Marketing,"San Antonio, Texas","",1035002,1980
Varian Medical Systems,VAR,reports,Health Care,Health Care Equipment,"Palo Alto, California",2007-02-12,203527,""
Ventas Inc,VTR,reports,Real Estate,Health Care REITs,"Chicago, Illinois",2009-03-04,740260,""
Verisign Inc.,VRSN,reports,Information Technology,Internet Services & Infrastructure,"Dulles, Virginia",2006-02-01,1014473,""
Verisk Analytics,VRSK,reports,Industrials,Research & Consulting Services,"Jersey City, New Jersey",2015-10-08,1442145,""
Verizon Communications,VZ,reports,Communication Services,Integrated Telecommunication Services,"New York, New York",1983-11-30,732712,""
Vertex Pharmaceuticals Inc,VRTX,reports,Health Care,Biotechnology,"Cambridge, Massachusetts",2013-09-23,875320,""
Viacom Inc.,VIAB,reports,Communication Services,Movies & Entertainment,"New York, New York","",1339947,""
Visa Inc.,V,reports,Financials,Credit Card Services,"San Francisco, California",2009-12-21,1403161,""
Vornado Realty Trust,VNO,reports,Real Estate,Office REITs,"New York, New York","",899689,""
Vulcan Materials,VMC,reports,Materials,Construction Materials,"Birmingham, Alabama",1999-06-30,1396009,""
Wabtec Corporation,WAB,reports,Industrials,Construction Machinery & Heavy Trucks,"Wilmerding, Pennsylvania",2019-02-27,943452,""
Walmart,WMT,reports,Consumer Staples,Hypermarkets & Super Centers,"Bentonville, Arkansas",1982-08-31,104169,""
Walgreens Boots Alliance,WBA,reports,Consumer Staples,Drug Retail,"Deerfield, Illinois",1979-12-31,1618921,""
The Walt Disney Company,DIS,reports,Communication Services,Movies & Entertainment,"Burbank, California",1976-06-30,1001039,""
Waste Management Inc.,WM,reports,Industrials,Environmental & Facilities Services,"Houston, Texas","",823768,1968
Waters Corporation,WAT,reports,Health Care,Health Care Distributors,"Milford, Massachusetts","",1000697,1958
Wec Energy Group Inc,WEC,reports,Utilities,Electric Utilities,"Milwaukee, Wisconsin",2008-10-31,783325,""
WellCare,WCG,reports,Health Care,Managed Health Care,"Tampa, Florida",1985,1279363,""
Wells Fargo,WFC,reports,Financials,Diversified Banks,"San Francisco, California",1976-06-30,72971,""
Welltower Inc.,WELL,reports,Real Estate,Health Care REITs,"Toledo, Ohio",2009-01-30,766704,""
Western Digital,WDC,reports,Information Technology,"Technology Hardware, Storage & Peripherals","Irvine, California",2009-07-01,106040,""
Western Union Co,WU,reports,Information Technology,Internet Software & Services,"Englewood, Colorado","",1365135,1851
WestRock,WRK,reports,Materials,Paper Packaging,"Richmond, Virginia","",1636023,""
Weyerhaeuser,WY,reports,Materials,Lumber & Wood Production,"Federal Way, Washington","",106535,""
Whirlpool Corp.,WHR,reports,Consumer Discretionary,Household Appliances,"Benton Harbor, Michigan","",106640,1911
Williams Cos.,WMB,reports,Energy,Oil & Gas Storage & Transportation,"Tulsa, Oklahoma",1975-03-31,107263,""
Willis Towers Watson,WLTW,reports,Financials,Insurance Brokers,"London, United Kingdom",2016-01-05,1140536,""
Wynn Resorts Ltd,WYNN,reports,Consumer Discretionary,Casinos & Gaming,"Paradise, Nevada",2008-11-14,1174922,""
Xcel Energy Inc,XEL,reports,Utilities,Multi-Utilities,"Minneapolis, Minnesota","",72903,1909
Xerox,XRX,reports,Information Technology,"Technology Hardware, Storage & Peripherals","Norwalk, Connecticut","",108772,1906
Xilinx,XLNX,reports,Information Technology,Semiconductors,"San Jose, California",1999-11-08,743988,""
Xylem Inc.,XYL,reports,Industrials,Industrial Machinery,"White Plains, New York",2011-11-01,1524472,""
Yum! Brands Inc,YUM,reports,Consumer Discretionary,Restaurants,"Louisville, Kentucky",1997-10-06,1041061,""
Zimmer Biomet Holdings,ZBH,reports,Health Care,Health Care Equipment,"Warsaw, Indiana",2001-08-07,1136869,""
Zions Bancorp,ZION,reports,Financials,Regional Banks,"Salt Lake City, Utah",2001-06-22,109380,""
Zoetis,ZTS,reports,Health Care,Pharmaceuticals,"Florham Park, New Jersey",2013-06-21,1555280,""
